JuegoNorm,Año,PremiosUSD,Torneos
acceleration of suguri 2,2019,210.0,1
acceleration of suguri 2,2020,100.0,1
acceleration of suguri 2,2021,100.0,1
after-h,2021,15049.259999999998,4
after-h,2022,28536.32,8
after-h,2023,35677.82,5
after-h,2024,4600.0,1
age of empires,2016,64047.8,22
age of empires,2017,45863.54,26
age of empires,2018,42993.93,23
age of empires,2019,61270.0,35
age of empires,2020,61824.58,22
age of empires,2021,47297.7,25
age of empires,2022,106032.62,41
age of empires,2023,65835.77,44
age of empires,2024,175867.0,44
age of empires ii,2016,56391.14,41
age of empires ii,2017,102841.43,60
age of empires ii,2018,70965.03,100
age of empires ii,2019,138019.31,144
age of empires ii,2020,383378.29,226
age of empires ii,2021,636748.53,373
age of empires ii,2022,618931.9299999999,290
age of empires ii,2023,483796.4,283
age of empires ii,2024,504017.8,233
age of empires iii,2016,2120.0,6
age of empires iii,2017,3300.0,7
age of empires iii,2018,3750.0,16
age of empires iii,2019,9335.0,33
age of empires iii,2020,10603.0,17
age of empires iii,2021,20119.8,30
age of empires iii,2022,12780.0,12
age of empires iii,2023,2700.0,27
age of empires iii,2024,2940.4700000000003,8
age of empires iv,2021,84388.2,61
age of empires iv,2022,730319.28,179
age of empires iv,2023,222280.54,125
age of empires iv,2024,153825.42,58
age of empires online,2017,500.0,1
age of empires online,2018,1448.0,3
age of empires online,2019,154.0,2
age of empires online,2020,1246.56,3
age of empires online,2021,1605.0,5
age of empires online,2022,2353.0,21
age of empires online,2023,2775.0,14
age of empires online,2024,951.4200000000001,16
age of mythology,2016,4864.92,13
age of mythology,2017,2187.2200000000003,15
age of mythology,2018,1465.88,11
age of mythology,2019,2577.9300000000003,21
age of mythology,2020,5766.6900000000005,38
age of mythology,2021,8592.61,46
age of mythology,2022,9354.56,39
age of mythology,2023,11124.050000000001,38
age of mythology,2024,25674.55,23
aim gods,2020,250000.0,1
akatsuki blitzkampf,2020,20.0,1
among us,2020,66000.0,6
among us,2021,20000.0,2
apex legends,2019,2863382.6399999997,80
apex legends,2020,2270662.23,219
apex legends,2021,5141786.350000001,225
apex legends,2022,6361121.39,164
apex legends,2023,5263020.4,37
apex legends,2024,4253264.0,6
aquapazza: aquaplus dream match,2016,160.0,1
aquapazza: aquaplus dream match,2019,85.0,1
arcana heart 3: love max six stars!!!!!,2018,410.0,2
arcana heart 3: love max six stars!!!!!,2019,110.0,1
arcana heart 3: love max six stars!!!!!,2020,50.0,1
arcana heart 3: love max!!!!!,2016,210.0,1
arcana heart 3: love max!!!!!,2017,200.0,1
archangel hellfire,2018,5500.0,9
arena of valor,2016,358329.5,2
arena of valor,2017,2197021.33,15
arena of valor,2018,7076330.62,29
arena of valor,2019,10721766.6,28
arena of valor,2020,10195179.419999998,22
arena of valor,2021,17929981.25,20
arena of valor,2022,27979977.57,84
arena of valor,2023,19185451.77,25
arena of valor,2024,9131679.42,10
arms,2017,3392.1,19
arms,2018,13073.14,56
arms,2019,2570.86,15
arms,2020,2147.3,13
arms,2021,1181.5,8
arms,2022,200.0,2
arms,2023,10.0,1
arms,2024,185.0,2
artifact classic,2018,48716.63,31
artifact classic,2019,70001.6,131
artifact classic,2020,1229.85,20
artifact classic,2021,220.0,4
artifact classic,2022,250.8,4
artifact classic,2023,193.38,3
artifact foundry,2020,774.5,8
artifact foundry,2021,400.0,4
asphalt 9: legends,2019,51520.0,2
assetto corsa,2018,15000.0,1
assetto corsa,2019,109914.1,21
assetto corsa,2020,235634.41,31
assetto corsa,2021,274036.44,47
assetto corsa,2022,329763.25,33
assetto corsa,2023,15572.7,2
assetto corsa competizione,2020,5338.0,13
assetto corsa competizione,2021,262975.1,21
assetto corsa competizione,2022,267601.7,21
assetto corsa competizione,2023,11432.94,3
assetto corsa competizione,2024,14056.35,6
asuka 120% limitover burning fest.,2020,10.0,1
attack on titan tribute game,2016,82000.0,9
attack on titan tribute game,2017,380000.0,13
attack on titan tribute game,2018,475450.0,15
audio trip,2020,250.0,1
audio trip,2021,400.0,1
auto chess,2019,1076322.28,6
auto chess,2020,74998.0,3
auto chess,2021,8400.0,30
auto chess,2022,4000.0,13
battalion 1944,2018,78576.62,7
battalion 1944,2019,128078.05,22
battlefield 4,2016,6070.68,3
battlefield 4,2017,2305.53,1
battlefield 4,2018,10275.45,2
battlerite,2016,12881.739999999998,38
battlerite,2017,23541.71,35
battlerite,2018,28750.0,2
battlerite,2023,54.5,1
beat aim,2020,430.0,6
beat saber,2020,4006.5699999999997,3
beat saber,2021,5758.18,5
beat saber,2022,6410.81,2
beat saber,2023,516.5,1
big buck hunter arcade,2019,76200.0,1
black squad,2018,4470.29,15
black squad,2019,4010.43,2
blade & soul,2016,156182.4,2
blade & soul,2017,149772.0,1
blade & soul,2018,116912.09,1
blade & soul,2019,152738.65,1
blankos block party,2022,250.0,1
blaston,2021,2428.12,6
blaston,2022,15055.44,12
blaston,2023,2139.5,4
blazblue: central fiction,2016,2836.51,2
blazblue: central fiction,2017,29085.1,17
blazblue: central fiction,2018,16723.06,9
blazblue: central fiction,2019,39752.85,8
blazblue: central fiction,2020,3296.84,6
blazblue: central fiction,2021,807.65,2
blazblue: central fiction,2022,8436.3,6
blazblue: central fiction,2023,1330.0,3
blazblue: central fiction,2024,3924.4700000000003,4
blazblue: chronophantasma extend,2016,3974.56,6
blazblue: cross tag battle,2018,19463.33,9
blazblue: cross tag battle,2019,62376.7,23
blazblue: cross tag battle,2020,14026.789999999999,6
blazblue: cross tag battle,2021,210.0,1
blazblue: cross tag battle,2022,1795.88,3
blazblue: cross tag battle,2024,810.0,1
bloodline champions,2016,455.32000000000005,4
bloody roar extreme,2022,1370.0,1
borderlands 3,2019,50000.0,1
brawl stars,2019,354376.06,14
brawl stars,2020,1516635.74,30
brawl stars,2021,2038000.0,64
brawl stars,2022,2116000.0,43
brawl stars,2023,2066500.0,55
brawl stars,2024,50000.0,1
brawlhalla,2016,78931.09,68
brawlhalla,2017,167727.69999999998,59
brawlhalla,2018,293604.7,98
brawlhalla,2019,523239.0,125
brawlhalla,2020,535811.6,110
brawlhalla,2021,685307.0,93
brawlhalla,2022,1260786.74,96
brawlhalla,2023,653370.0,39
breakers revenge,2020,16.0,1
call of duty 2,2017,1073.91,1
call of duty online,2016,454864.2,3
call of duty online,2017,327835.2,3
call of duty online,2018,137860.8,1
call of duty: black ops 2,2020,12000.0,1
call of duty: black ops 4,2018,320749.95,37
call of duty: black ops 4,2019,6391689.0,45
call of duty: black ops 4,2020,30000.0,2
call of duty: black ops cold war,2020,256000.0,15
call of duty: black ops cold war,2021,6293000.0,77
call of duty: black ops iii,2016,3862185.84,55
call of duty: blackout,2018,315000.0,6
call of duty: blackout,2019,296608.35,12
call of duty: infinite warfare,2016,125020.99,4
call of duty: infinite warfare,2017,4041684.07,80
call of duty: mobile,2019,7200.0,1
call of duty: mobile,2020,113678.0,3
call of duty: mobile,2021,3060280.0,7
call of duty: mobile,2022,2806006.0,13
call of duty: mobile,2023,1729397.91,14
call of duty: mobile,2024,648270.84,5
call of duty: modern warfare,2019,348612.5,10
call of duty: modern warfare,2020,7152172.0,71
call of duty: modern warfare 2,2016,1700.0,1
call of duty: modern warfare 2,2017,3500.0,2
call of duty: modern warfare 2,2020,2500.0,1
call of duty: modern warfare 2,2023,119.25,2
call of duty: modern warfare 3,2024,225.9,4
call of duty: modern warfare ii,2022,638000.0,5
call of duty: modern warfare ii,2023,5483126.9,33
call of duty: modern warfare iii,2023,220000.0,5
call of duty: modern warfare iii,2024,5800000.0,10
call of duty: vanguard,2021,642500.0,24
call of duty: vanguard,2022,5678500.0,67
call of duty: warzone,2020,2826407.12,106
call of duty: warzone,2021,6156202.01,189
call of duty: warzone,2022,2018900.82,94
call of duty: warzone,2023,853300.0,16
call of duty: warzone,2024,1050000.0,1
call of duty: wwii,2017,275354.31,26
call of duty: wwii,2018,4302666.69,51
capcom vs. snk 2,2017,610.0,2
capcom vs. snk 2,2018,150.0,1
capcom vs. snk 2,2019,790.0,3
capcom vs. snk 2,2020,240.0,1
capcom vs. snk 2,2022,730.0,2
capcom vs. snk 2,2024,990.0,2
catherine,2016,270.0,1
catherine,2017,570.0,2
catherine,2018,450.0,2
catherine,2019,180.0,1
catherine,2020,75.0,1
catherine: full body,2019,185.0,1
cave digger 2,2021,750.0,1
chaos code: new sign of catastrophe,2017,140.0,1
chess.com,2016,59758.979999999996,26
chess.com,2017,72704.95,18
chess.com,2018,170424.01,15
chess.com,2019,154858.11,23
chess.com,2020,810281.92,91
chess.com,2021,1029475.39,121
chess.com,2022,2208700.01,154
chess.com,2023,2263400.0,154
chess.com,2024,1781580.02,124
chess24,2020,1184696.09,10
chess24,2021,1520929.34,9
chess24,2022,1473750.0,9
chess24,2023,139100.0,1
chessarena.com,2022,15395.64,15
chessarena.com,2023,247968.0,7
chex quest,2021,100.0,1
clash of clans,2017,1576.87,1
clash of clans,2019,1455727.0,21
clash of clans,2020,1177609.0,14
clash of clans,2021,793965.0,13
clash of clans,2022,1042150.0,16
clash of clans,2023,1304714.5,10
clash of clans,2024,310000.0,6
clash royale,2016,228859.56,7
clash royale,2017,881996.25,11
clash royale,2018,986262.37,19
clash royale,2019,1053753.0,12
clash royale,2020,1104600.0,9
clash royale,2021,1658821.6400000001,13
clash royale,2022,1385758.43,23
clash royale,2023,1486799.68,28
clash royale,2024,272990.0,10
company of heroes 2,2017,3556.22,1
company of heroes 2,2018,4400.0,1
company of heroes 2,2019,605.0,4
compet,2017,2000.0,1
contractors,2022,1000.0,1
counter-strike online,2016,40000.0,1
counter-strike: source,2019,1000.0,1
crab game,2021,750.0,9
crab game,2022,45200.0,2
creative destruction,2018,100000.0,1
critical ops,2017,10106.41,2
critical ops,2018,40000.0,1
critical ops,2022,24000.0,1
critical ops,2023,24000.0,1
crossfire,2016,1621619.26,24
crossfire,2017,2429468.74,41
crossfire,2018,2171222.06,30
crossfire,2019,1580743.1600000001,14
crossfire,2020,2473598.7,13
crossfire,2021,2117900.5,5
crossfire,2022,2726051.5,9
crossfire,2023,4469012.8,24
crossfire,2024,2794522.0999999996,15
crossfire hd,2020,8882.4,1
crossfire hd,2021,800649.0,1
crossfire hd,2022,432765.0,2
crossfire hd,2023,554304.7,2
crossfire hd,2024,137560.0,1
crossfire mobile,2016,438995.7,1
crossfire mobile,2017,702261.65,3
crossfire mobile,2018,851827.88,3
crossfire mobile,2019,502323.76,2
crossfire mobile,2020,943044.55,6
crossfire mobile,2021,988728.0,6
crossfire mobile,2022,952206.0,6
crossfire mobile,2023,864432.03,6
crossfire mobile,2024,537125.2,7
cs2,2023,5858689.96,182
cs2,2024,15297448.129999999,243
csgo,2016,17268045.48,863
csgo,2017,19295990.9,915
csgo,2018,23319746.08,1024
csgo,2019,22302043.71,955
csgo,2020,16088293.07,630
csgo,2021,21854853.46,568
csgo,2022,17502409.65,535
csgo,2023,15213944.55,304
cultris ii,2020,190.95,1
dead by daylight,2019,15000.0,3
dead by daylight,2020,45000.0,6
dead by daylight mobile,2022,10000.0,1
dead or alive 5: last round,2016,1934.58,5
dead or alive 5: last round,2017,9530.0,7
dead or alive 5: last round,2018,240.0,1
dead or alive 6,2019,72206.54000000001,18
dead or alive 6,2020,410.0,2
dead or alive 6,2021,310.0,2
deadlock,2024,12610.0,4
def jam: fight for ny,2020,170.0,1
def jam: fight for ny,2021,20.0,1
def jam: fight for ny,2022,360.0,1
dengeki bunko: fighting climax ignition,2016,662.3,2
dengeki bunko: fighting climax ignition,2017,390.0,2
dengeki bunko: fighting climax ignition,2018,450.0,2
dengeki bunko: fighting climax ignition,2019,1395.0,4
dengeki bunko: fighting climax ignition,2020,305.5,3
dengeki bunko: fighting climax ignition,2021,650.0,1
diabotical,2020,103859.92,78
diabotical,2021,88873.77,136
diabotical,2022,69411.28,160
diabotical,2023,2927.12,14
digimon rumble arena,2020,70.0,1
digimon rumble arena,2021,130.0,1
dirt rally 2.0,2020,10000.0,2
dirt rally 2.0,2021,20000.0,2
divekick,2016,180.0,1
divekick,2017,240.0,1
divekick,2018,250.0,1
dnf duel,2022,28595.480000000003,11
dnf duel,2023,100000.0,1
dnf duel,2024,550.0,1
doom (2016),2017,7000.0,1
doom ii: hell on earth,2019,1200.0,1
doom ii: hell on earth,2020,2480.0,3
doom ii: hell on earth,2021,428.56,2
doombringer,2021,567.77,4
dota underlords,2019,22635.68,29
dota underlords,2020,3388.5,7
dota2,2016,37464037.33,153
dota2,2017,38074599.32,167
dota2,2018,41545790.86000001,182
dota2,2019,47108906.809999995,234
dota2,2020,10126576.47,174
dota2,2021,47964064.37,100
dota2,2022,32954188.52,125
dota2,2023,30797380.35,124
dota2,2024,18622474.43,64
dragon ball fighterz,2018,132741.37,30
dragon ball fighterz,2019,135052.77,44
dragon ball fighterz,2020,94391.99,39
dragon ball fighterz,2021,11548.32,31
dragon ball fighterz,2022,74464.68,22
dragon ball fighterz,2023,54570.0,9
dragon ball fighterz,2024,16146.39,8
dream three kingdoms 2,2023,0.0,1
duck game,2020,250.0,1
duck game,2021,500.0,1
ea fc,2023,539674.2,38
ea fc,2024,6816757.140000001,38
ea sports fc online,2023,191089.21000000002,4
ea sports fc online,2024,522586.58,7
echo arena,2017,47969.76,2
echo arena,2018,82692.56,2
echo arena,2019,38700.0,1
echo arena,2020,1700.0,5
echo arena,2021,9440.0,6
echo arena,2022,13230.0,6
echo combat,2019,46800.0,1
efootball,2020,147000.0,3
efootball,2021,240000.0,6
efootball,2022,105000.0,5
epic roller coasters vr,2023,1000.0,1
escape from tarkov,2020,114600.0,4
eternal fighter zero,2020,1311.6,2
ev.io,2022,20000.0,2
f1 2018,2018,200000.0,1
f1 2019,2019,500000.0,1
f1 2019,2020,38047.38,1
f1 2020,2020,751947.0,2
f1 2020,2021,288.0,1
f1 2021,2021,750000.0,1
f1 2021,2022,15939.0,3
f1 22,2022,750000.0,1
f1 22,2023,324.0,1
faeria,2018,4100.0,5
fall guys,2020,284273.83,5
fall guys,2021,50000.0,1
fall guys,2022,6000.0,1
fantasy strike,2020,3860.0,3
fantasy strike,2021,1939.8,2
farming simulator 19,2019,106133.1,8
farming simulator 19,2020,189253.44999999998,6
farming simulator 19,2021,276447.32999999996,10
farming simulator 19,2022,101434.0,7
farming simulator 19,2023,16350.02,1
farming simulator 22,2023,48654.04,4
farming simulator 22,2024,133009.35,5
fifa 16,2016,95694.5,18
fifa 17,2016,35502.44,5
fifa 17,2017,1452306.64,44
fifa 18,2017,44545.55,8
fifa 18,2018,2189152.14,39
fifa 19,2018,551731.35,19
fifa 19,2019,2724631.44,32
fifa 19,2020,11324.0,2
fifa 20,2019,476358.96,21
fifa 20,2020,2122284.6,47
fifa 21,2020,225947.98,6
fifa 21,2021,4507311.13,55
fifa 22,2021,229185.96000000002,15
fifa 22,2022,4346488.069999999,60
fifa 23,2022,5000.0,1
fifa 23,2023,6192022.16,98
fifa online 3,2016,835082.4,3
fifa online 3,2017,408869.99,10
fifa online 3,2018,237112.5,1
fifa online 4,2018,304933.49,5
fifa online 4,2019,553615.95,7
fifa online 4,2020,574402.6,15
fifa online 4,2021,812685.96,15
fifa online 4,2022,1040076.48,15
fifa online 4,2023,801803.8500000001,11
fight of animals,2020,580.68,3
fight of animals,2021,50.0,1
fighter's history dynamite,2019,195.0,1
fighting ex layer,2018,1260.0,4
fighting ex layer,2019,372.96000000000004,2
fighting ex layer,2020,10.0,1
fortnite,2018,19933737.0,179
fortnite,2019,80686809.01,503
fortnite,2020,17896592.740000002,375
fortnite,2021,23032953.3,214
fortnite,2022,18671068.05,404
fortnite,2023,19720437.87,461
fortnite,2024,11071100.719999999,157
forza horizon 5,2022,25000.0,11
forza motorsport (2023),2024,59750.0,5
forza motorsport 6,2016,39850.0,7
forza motorsport 6,2017,132750.0,2
forza motorsport 7,2018,255000.0,4
forza motorsport 7,2019,366200.0,5
forza motorsport 7,2020,199000.0,3
forza motorsport 7,2021,22500.0,1
free fire,2019,825242.47,15
free fire,2020,2539917.95,20
free fire,2021,5009058.9399999995,24
free fire,2022,6197813.57,25
free fire,2023,1955059.21,6
free fire,2024,1614900.0,5
garou: mark of the wolves,2018,108.71,1
garou: mark of the wolves,2019,225.0,1
garou: mark of the wolves,2020,325.0,2
gears 5,2019,562000.0,10
gears 5,2020,1381500.0,54
gears 5,2021,365420.0,34
gears 5,2022,12000.0,14
gears of war 4,2016,501285.0,16
gears of war 4,2017,1094500.0,77
gears of war 4,2018,1040000.0,43
gears of war 4,2019,507000.0,16
gears of war: ultimate edition,2016,170000.0,3
geoguessr,2022,24653.5,1
geoguessr,2023,50000.0,1
goals,2024,1841.26,1
golf plus,2020,5000.0,1
golf with your friends,2021,19400.0,2
gran turismo 7,2022,10584.8,3
gran turismo 7,2023,158.05,1
gran turismo sport,2018,10080.0,1
gran turismo sport,2019,14100.0,3
gran turismo sport,2020,13831.0,4
gran turismo sport,2021,23511.559999999998,17
granblue fantasy versus: rising,2024,154742.8,22
granblue fantasy: versus,2020,106280.94,43
granblue fantasy: versus,2021,54362.380000000005,29
granblue fantasy: versus,2022,13092.56,10
granblue fantasy: versus,2023,31700.0,5
grey goo,2016,30400.0,2
grid (2019),2019,218.75,1
guild wars 2,2016,300000.0,4
guilty gear,2019,32.0,1
guilty gear -strive-,2021,147705.62,41
guilty gear -strive-,2022,135626.11000000002,31
guilty gear -strive-,2023,214627.42,23
guilty gear -strive-,2024,196889.69,21
guilty gear xrd -revelator-,2016,28899.489999999998,11
guilty gear xrd -revelator-,2017,7537.94,8
guilty gear xrd -sign-,2016,7110.0,9
guilty gear xrd -sign-,2024,620.0,1
guilty gear xrd rev 2,2017,30360.0,11
guilty gear xrd rev 2,2018,31757.64,14
guilty gear xrd rev 2,2019,61006.369999999995,25
guilty gear xrd rev 2,2020,7134.0,6
guilty gear xrd rev 2,2021,218.36,2
guilty gear xrd rev 2,2022,5122.93,4
guilty gear xrd rev 2,2023,6782.8,2
guilty gear xrd rev 2,2024,3470.0,3
guilty gear xx accent core plus r,2016,870.0,2
guilty gear xx accent core plus r,2017,660.0,2
guilty gear xx accent core plus r,2018,930.0,3
guilty gear xx accent core plus r,2019,1220.0,3
guilty gear xx accent core plus r,2020,3576.91,5
guilty gear xx accent core plus r,2021,5985.23,5
guilty gear xx accent core plus r,2022,900.0,1
guilty gear xx accent core plus r,2023,2578.55,1
guilty gear xx accent core plus r,2024,3400.21,4
gundam versus,2017,280.0,1
guns of boom,2018,133950.0,11
guns of boom,2019,64800.0,7
gwent,2017,303188.98,91
gwent,2018,441568.19,15
gwent,2019,25000.0,1
gwent,2020,186720.0,5
gwent,2021,394165.0,6
gwent,2022,154555.0,4
gym masters vr,2021,500.0,1
h1z1,2016,267244.0,2
h1z1,2017,1251550.0,8
h1z1,2018,75000.0,1
halo 2,2021,137400.0,3
halo 3,2018,800.0,1
halo 3,2019,335200.0,9
halo 3,2021,150000.0,1
halo 5: guardians,2016,3412490.03,36
halo 5: guardians,2017,1748000.0,14
halo 5: guardians,2018,1933750.0,50
halo 5: guardians,2021,34000.0,2
halo infinite,2021,451000.0,11
halo infinite,2022,2497155.0,22
halo infinite,2023,2079304.05,20
halo infinite,2024,2001095.98,6
halo: reach,2019,50000.0,1
halo: reach,2020,50000.0,1
hand of the gods,2017,44400.0,34
hand of the gods,2018,50000.0,1
hand of the gods,2019,34.2,1
hearthstone,2016,3485977.29,143
hearthstone,2017,3491311.44,132
hearthstone,2018,4757534.75,154
hearthstone,2019,4519884.63,110
hearthstone,2020,4634414.54,64
hearthstone,2021,3052468.1100000003,72
hearthstone,2022,2644169.12,41
hearthstone,2023,504058.11,7
hearthstone,2024,121712.41,7
hearthstone battlegrounds,2019,300000.0,1
hearthstone battlegrounds,2020,479786.94,8
hearthstone battlegrounds,2021,161472.38,9
hearthstone battlegrounds,2022,563090.02,16
hearthstone battlegrounds,2023,204547.12,11
hearthstone battlegrounds,2024,46683.07000000001,6
heavy metal machines,2017,12339.33,1
heroes of newerth,2016,246433.55,24
heroes of newerth,2017,192966.04,11
heroes of newerth,2018,82195.0,4
heroes of the storm,2016,4664349.1,69
heroes of the storm,2017,5444449.54,41
heroes of the storm,2018,5277279.76,34
heroes of the storm,2019,316914.92,29
heroes of the storm,2020,24988.690000000002,7
heroes of the storm,2021,110294.0,6
heroes of the storm,2022,143720.0,8
heroes of the storm,2023,11496.19,4
hokuto no ken,2019,145.0,1
hyper scape,2020,299000.0,4
hyperfight,2020,50.0,1
hyperfight,2021,90.0,1
identity v,2018,55489.27,1
identity v,2019,194456.87,2
identity v,2020,679718.3200000001,5
identity v,2021,1196560.89,6
identity v,2022,1447414.99,7
identity v,2023,1387670.58,6
identity v,2024,835220.0,2
idol showdown,2024,188.0,1
injustice 2,2017,675188.93,21
injustice 2,2018,160648.22999999998,13
injustice 2,2019,1610.0,4
injustice: gods among us,2016,500.0,1
internet chess club,2020,10000.0,1
iracing.com,2016,47319.88,8
iracing.com,2017,50889.99,10
iracing.com,2018,143340.3,18
iracing.com,2019,399642.94,23
iracing.com,2020,684078.65,37
iracing.com,2021,905074.0,44
iracing.com,2022,626253.6,24
iracing.com,2023,489142.0,7
iracing.com,2024,200000.0,1
jak and daxter: the precursur legacy,2021,500.0,1
jak ii,2022,0.0,1
jojo's bizarre adventure: all star battle r,2022,780.0,1
jojo's bizarre adventure: heritage for the future,2020,284.99,2
jojo's bizarre adventure: heritage for the future,2021,40.0,1
jstris,2020,225.0,1
jstris,2021,50.0,1
kartrider,2016,144234.0,3
kartrider,2017,76160.35,2
kill la kill the game: if,2019,700.0,2
kill la kill the game: if,2020,220.0,2
killer instinct (2013),2016,55479.59,12
killer instinct (2013),2017,44040.0,8
killer instinct (2013),2018,32770.0,4
killer instinct (2013),2019,1500.0,3
killer instinct (2013),2020,50.0,1
killer instinct (2013),2021,520.0,3
killer instinct (2013),2022,1336.58,1
killer instinct (2013),2024,26870.0,2
king of fighters 2002 unlimited match,2016,380.0,1
king of fighters 2002 unlimited match,2020,380.0,1
king of fighters 98,2019,7945.57,3
king of fighters xiii,2016,834.57,3
king of fighters xiii,2020,480.0,1
king of fighters xiv,2016,5318.49,4
king of fighters xiv,2017,25178.17,17
king of fighters xiv,2018,19669.23,7
king of fighters xiv,2019,32365.699999999997,10
king of fighters xiv,2020,1270.0,3
king of fighters xv,2022,75689.51,28
king of fighters xv,2023,60251.54,10
king of fighters xv,2024,232672.09000000003,13
kirby fighters 2,2020,222.86,1
koihime enbu,2016,250.0,1
koihime enbu,2017,190.0,1
koihime enbu,2018,590.0,1
koihime enbu,2019,585.0,2
koihime enbu,2020,50.0,1
koihime enbu,2021,100.0,1
league of legends: wild rift,2021,2481372.3499999996,58
league of legends: wild rift,2022,13719403.67,129
league of legends: wild rift,2023,1613394.36,9
league of legends: wild rift,2024,1668003.7,7
legends of runeterra,2020,147491.03,20
legends of runeterra,2021,364600.0,11
legends of runeterra,2022,206000.0,2
lemnis gate,2021,564.7,4
lemnis gate,2022,1000.0,1
lethal league blaze,2018,11.4,1
lethal league blaze,2019,2422.5,6
lethal league blaze,2020,2910.02,4
lethal league blaze,2021,300.0,1
lichess,2017,1100.0,2
lichess,2018,15325.0,10
lichess,2019,13600.0,23
lichess,2020,1140686.93,64
lichess,2021,39750.0,37
lichess,2022,75867.98,27
lichess,2023,21776.1,20
live for speed,2020,2614.0,2
loco dojo unleashed,2022,1000.0,1
lol,2016,10519032.01,182
lol,2017,12261870.43,193
lol,2018,14689124.989999998,195
lol,2019,10412069.35,210
lol,2020,8767906.04,123
lol,2021,8421299.16,110
lol,2022,8219427.9799999995,102
lol,2023,7730434.4,115
lol,2024,5655026.93,67
mad skills motocross 2,2017,20163.0,1
mad skills motocross 2,2018,30000.0,1
mad skills motocross 2,2019,30000.0,1
madden nfl 16,2016,50000.0,1
madden nfl 17,2016,100000.0,1
madden nfl 17,2017,904000.0,4
madden nfl 18,2017,20676.620000000003,2
madden nfl 18,2018,403000.0,1
madden nfl 19,2018,165000.0,1
madden nfl 19,2019,1104992.0,4
madden nfl 20,2019,703000.0,1
madden nfl 20,2020,220000.0,1
madden nfl 21,2021,1280000.0,6
madden nfl 22,2021,400000.0,2
madden nfl 22,2022,1250000.0,2
madden nfl 23,2022,440000.0,2
madden nfl 23,2023,1260000.0,2
madden nfl 24,2023,575000.0,4
madden nfl 24,2024,1125000.0,2
madden nfl 25,2024,100000.0,1
magic: the gathering arena,2018,10000.0,1
magic: the gathering arena,2019,2998000.0,37
magic: the gathering arena,2020,2186000.0,12
magic: the gathering arena,2021,2000000.0,4
magic: the gathering arena,2022,1600000.0,4
magic: the gathering arena,2023,400000.0,2
magic: the gathering online,2016,104000.0,1
magic: the gathering online,2017,116000.0,1
magic: the gathering online,2018,200000.0,1
magic: the gathering online,2019,200000.0,1
magic: the gathering online,2020,250000.0,1
magic: the gathering online,2022,140000.0,2
magic: the gathering online,2023,210000.0,3
magical drop iii,2020,130.0,1
maiden & spell,2020,200.0,1
maiden & spell,2021,125.0,1
mario kart 8 deluxe,2018,220.0,1
mario kart 8 deluxe,2019,279.44,2
mario kart 8 deluxe,2020,1305.0,2
mario kart 8 deluxe,2021,1700.0,2
mario kart 8 deluxe,2022,1500.0,2
mario kart 8 deluxe,2023,9650.0,1
mario tennis aces,2019,51.3,1
mario tennis aces,2020,10.0,1
marvel vs. capcom 2,2016,100.0,1
marvel vs. capcom 2,2019,420.0,1
marvel vs. capcom 2,2020,10.0,1
marvel vs. capcom 2,2022,219.73,1
marvel vs. capcom 3,2016,199.29,1
marvel vs. capcom: infinite,2017,67750.0,6
marvel vs. capcom: infinite,2018,5952.12,9
marvel vs. capcom: infinite,2019,2010.0,5
marvel vs. capcom: infinite,2020,544.6,2
mechwarrior online,2016,143490.0,1
melty blood: actress again current code,2016,700.0,1
melty blood: actress again current code,2017,810.0,2
melty blood: actress again current code,2018,1630.0,4
melty blood: actress again current code,2019,2605.0,5
melty blood: actress again current code,2020,3784.9300000000003,10
melty blood: actress again current code,2021,1250.0,1
melty blood: actress again current code,2022,650.0,1
melty blood: actress again current code,2024,1507.51,1
melty blood: type lumina,2021,2004.59,1
melty blood: type lumina,2022,13357.9,11
melty blood: type lumina,2023,43972.1,4
melty blood: type lumina,2024,4482.639999999999,7
metal gear online,2016,8000.0,8
microsoft excel,2021,19000.0,13
microsoft excel,2022,35000.0,10
microsoft excel,2023,60400.0,20
mighty fight federation,2021,100.0,1
million arthur: arcana blood,2019,7530.0,3
million arthur: arcana blood,2020,10.0,1
minecraft,2018,4839.15,3
minecraft,2019,159859.0,20
minecraft,2020,427700.0,17
minecraft,2021,561289.0,21
minecraft,2022,936400.0,48
minecraft,2023,397505.0,17
minecraft,2024,520467.0,16
moba legends,2016,225.0,1
mobile legends: bang bang,2017,100000.0,1
mobile legends: bang bang,2018,653205.23,9
mobile legends: bang bang,2019,1397507.01,15
mobile legends: bang bang,2020,1073666.68,13
mobile legends: bang bang,2021,2517241.2199999997,28
mobile legends: bang bang,2022,2173278.5300000003,41
mobile legends: bang bang,2023,4286794.6,41
mobile legends: bang bang,2024,4817758.6,7
mobile suit gundam: extreme vs maxi boost on,2021,420.0,2
mordhau,2019,16623.0,3
mortal kombat 1,2023,28910.47,4
mortal kombat 1,2024,315800.0,22
mortal kombat 11,2019,309234.68,37
mortal kombat 11,2020,192347.79,10
mortal kombat 11,2021,75912.63,9
mortal kombat 11,2022,8983.66,7
mortal kombat 11,2023,25000.0,1
mortal kombat 9,2018,3260.0,1
mortal kombat x,2016,330129.99,21
mortal kombat x,2019,480.0,1
mortal kombat xl,2016,100941.39,7
mortal kombat xl,2017,24002.4,7
mortal kombat xl,2018,4120.0,2
mortal kombat xl,2019,140.0,1
mortal kombat xl,2021,5000.0,1
mortal kombat xl,2023,60.0,1
multigaming,2019,89274.63,2
multigaming,2020,59109.7,1
multigaming,2021,96473.0,2
multigaming,2022,71959.13,2
multigaming,2023,58409.04,2
multigaming,2024,55931.04,1
multiversus,2022,114202.5,10
mystery game tournament,2017,2480.0,2
mystery game tournament,2018,2560.0,2
mystery game tournament,2019,4035.0,3
mystery game tournament,2020,1920.0,1
mythgard,2021,3000.0,3
naraka: bladepoint,2021,80000.0,2
naraka: bladepoint,2022,2828130.52,10
naraka: bladepoint,2023,1449200.0,2
naruto shippuden: ultimate ninja storm 4,2016,2000.0,2
naruto shippuden: ultimate ninja storm 4,2019,2550.0,3
naruto: gekitou ninja taisen! 4,2020,200.0,1
nascar heat 4,2020,200500.0,5
nascar heat 5,2020,2500.0,1
nascar heat 5,2021,3625.0,1
nba 2k18,2018,1000000.0,4
nba 2k19,2019,1330000.0,4
nba 2k20,2020,250000.0,1
nba 2k21,2020,501.0,1
nba 2k21,2021,1330000.0,2
nba 2k22,2022,2650000.0,7
nba 2k23,2023,2925000.0,9
nhl '94,2016,806.16,3
nhl '94,2017,321.2,3
nhl 18,2018,102700.0,6
nhl 19,2018,2866.67,2
nhl 19,2019,19700.0,6
nhl 23,2023,105250.0,4
ninja legends,2021,1000.0,1
nitroplus blasterz: heroines infinite duel,2016,1380.0,2
nitroplus blasterz: heroines infinite duel,2019,150.0,1
nock,2022,4050.0,2
old school runescape,2016,40000.0,4
old school runescape,2017,122000.0,8
old school runescape,2018,156500.0,5
old school runescape,2019,97000.0,4
old school runescape,2020,9004.2,2
old school runescape,2021,13000.0,2
old school runescape,2022,20000.0,1
onmyoji arena,2022,89679.22,1
onward,2018,60000.0,1
onward,2019,63000.0,1
onward,2020,6100.0,2
onward,2021,10720.0,1
onward,2022,22000.0,3
osu!,2016,14440.0,5
osu!,2017,13230.0,7
osu!,2018,12197.0,11
osu!,2019,18944.260000000002,11
osu!,2020,15340.85,15
osu!,2021,47365.06,44
osu!,2022,61415.55,66
osu!,2023,63479.64,65
osu!,2024,27680.469999999998,27
overwatch,2016,2018742.37,268
overwatch,2017,3489158.0100000002,285
overwatch,2018,6615546.33,120
overwatch,2019,9593646.85,62
overwatch,2020,7278521.0,49
overwatch,2021,6059256.0,43
overwatch,2022,201034.82,10
overwatch2,2021,24000.0,3
overwatch2,2022,6110257.0,41
overwatch2,2023,4763211.67,77
overwatch2,2024,1963891.37,17
paladins,2016,104450.0,3
paladins,2017,407826.63,28
paladins,2018,1029100.0,22
paladins,2019,550000.0,6
paladins,2020,393630.97,18
paladins,2021,5500.0,2
panel attack,2020,40.0,1
panel attack,2021,100.0,1
pavlov,2022,1260.0,3
persona 4 arena ultimax,2016,1250.0,4
persona 4 arena ultimax,2017,490.0,2
persona 4 arena ultimax,2018,120.0,1
persona 4 arena ultimax,2019,560.0,2
persona 4 arena ultimax,2022,1320.0,1
persona 4 arena ultimax,2024,870.0,1
pistol whip,2020,7500.0,1
playchess.com,2020,32866.58,9
playerunknown's battlegrounds mobile,2018,617069.08,6
playerunknown's battlegrounds mobile,2019,4201598.78,34
playerunknown's battlegrounds mobile,2020,8907777.68,39
playerunknown's battlegrounds mobile,2021,21904037.55,87
playerunknown's battlegrounds mobile,2022,23686766.92,79
playerunknown's battlegrounds mobile,2023,21219991.169999998,73
playerunknown's battlegrounds mobile,2024,6785713.64,30
playerunknownâ€™s battlegrounds,2017,1007803.6,14
playerunknownâ€™s battlegrounds,2018,8809745.36,136
playerunknownâ€™s battlegrounds,2019,11603431.56,148
playerunknownâ€™s battlegrounds,2020,6734990.84,122
playerunknownâ€™s battlegrounds,2021,16271759.600000001,79
playerunknownâ€™s battlegrounds,2022,8495763.82,69
playerunknownâ€™s battlegrounds,2023,7621442.45,42
playerunknownâ€™s battlegrounds,2024,3655512.96,21
pocket bravery,2022,452.35,1
pocket rumble,2020,60.0,1
pocket rumble,2021,125.0,1
point blank,2016,195903.33,10
point blank,2017,235184.58000000002,12
point blank,2018,302552.77,11
point blank,2019,263581.77,9
point blank,2020,33652.770000000004,3
point blank,2021,74470.41,9
point blank,2022,31856.289999999997,4
point blank,2023,162566.78,6
pokemon unite,2021,500.0,1
pokemon unite,2022,961491.7,17
pokemon unite,2023,840432.5,18
pokemon unite,2024,999900.0,25
pokkã©n tournament,2016,40381.659999999996,10
pokkã©n tournament,2017,36635.0,15
pokkã©n tournament,2021,200.0,1
pokkã©n tournament dx,2017,7789.0,6
pokkã©n tournament dx,2018,3181.4,8
pokkã©n tournament dx,2019,8218.57,10
pokkã©n tournament dx,2020,2936.43,4
pokã©mon go,2020,5890.0,4
pokã©mon go,2022,125000.0,25
pokã©mon go,2023,302100.0,33
pokã©mon go,2024,125000.0,10
pokã©mon vgc,2016,51500.0,1
pokã©mon vgc,2017,113000.0,9
pokã©mon vgc,2018,135500.0,16
pokã©mon vgc,2019,66500.0,3
pokã©mon vgc,2020,44602.0,4
pokã©mon vgc,2021,19750.0,1
pokã©mon vgc,2022,139500.0,8
pokã©mon vgc,2023,30500.0,2
power instinct: matrimelee,2020,50.0,1
power instinct: matrimelee,2021,40.0,1
power rangers: battle for the grid,2019,1150.0,3
power rangers: battle for the grid,2020,640.0,3
power rangers: battle for the grid,2021,2920.6,4
power rangers: battle for the grid,2022,2036.2,2
power rangers: battle for the grid,2024,200.0,1
power rangers: legacy wars,2017,4178.55,1
pro evolution soccer 2016,2016,27243.84,6
pro evolution soccer 2017,2016,4697.71,11
pro evolution soccer 2017,2017,510000.0,5
pro evolution soccer 2018,2018,250000.0,3
pro evolution soccer 2019,2019,216000.0,2
project cars,2016,33455.0,49
project cars,2017,33146.71,38
project cars 2,2018,33750.0,2
project cars 2,2019,32400.0,20
project justice,2019,165.0,1
project m,2016,38048.659999999996,47
project m,2017,25890.48,22
project m,2018,13056.56,24
project m,2019,8117.61,13
project plus,2020,20.0,1
project plus,2021,175.0,1
prophecy,2020,13000.0,4
punch planet,2020,300.0,1
punch planet,2021,100.0,1
puyo puyo champions,2019,2071.8,3
puyo puyo champions,2020,410.5,2
puyo puyo tetris,2017,240.0,1
puyo puyo tetris,2018,466.66999999999996,2
puyo puyo tetris,2019,911.08,4
puyo puyo tetris,2020,1805.0900000000001,9
puyo puyo tetris 2,2021,896.02,2
puyo puyo tetris 2,2022,1001.62,1
quake 4,2021,360.76,2
quake champions,2017,1482852.31,72
quake champions,2018,651250.4,154
quake champions,2019,96186.51,7
quake champions,2020,414899.03,10
quake champions,2021,384020.07,17
quake champions,2022,252679.43,17
quake champions,2023,235844.49000000002,9
quake champions,2024,2896.01,5
quake ii,2017,10000.0,1
quake ii,2018,379.5,1
quake ii,2019,1200.0,1
quake ii,2021,246.48,2
quake iii arena,2021,8742.45,7
quake iii arena,2023,587.63,1
quake live,2016,28002.76,25
quake live,2017,10492.75,19
quake live,2018,500.0,1
quake live,2021,1185.08,2
quake live,2022,1500.0,1
quakeworld,2016,25000.0,1
quakeworld,2017,5000.0,1
quakeworld,2018,1042.22,3
quakeworld,2019,1200.0,1
quakeworld,2020,4168.0,1
quakeworld,2021,299.97,2
raceroom racing experience,2018,27768.7,5
raceroom racing experience,2019,53160.0,8
raceroom racing experience,2020,87510.0,10
raceroom racing experience,2021,62997.5,3
raceroom racing experience,2022,46155.0,1
raceroom racing experience,2024,1581.3,1
racket: nx,2022,500.0,1
radical heights,2018,120000.0,2
rage,2017,5000.0,1
rainbow six siege,2016,320680.03,26
rainbow six siege,2017,1007150.04,34
rainbow six siege,2018,2047522.85,76
rainbow six siege,2019,5151238.68,122
rainbow six siege,2020,6666964.75,100
rainbow six siege,2021,9257505.05,101
rainbow six siege,2022,8044806.87,72
rainbow six siege,2023,8994511.02,25
rainbow six siege,2024,6640147.3,12
realm royale,2018,263000.0,9
red earth,2021,100.0,1
reflex,2016,32.74,1
reflex,2018,163.66,3
reflex,2021,299.97,2
rennsport,2023,1372343.01,6
rennsport,2024,527119.5,3
rezzil player,2021,5000.0,1
rezzil player,2022,46250.0,9
rezzil player,2023,10400.0,2
rfactor 2,2016,4723.91,1
rfactor 2,2017,1004694.66,2
rfactor 2,2018,6175.26,5
rfactor 2,2019,95118.59,21
rfactor 2,2020,184440.95,27
rfactor 2,2021,233012.82,25
rfactor 2,2022,411405.81,14
rfactor 2,2023,271500.0,6
ring of elysium,2019,70000.0,4
rivals of aether,2016,500.0,2
rivals of aether,2017,14100.0,3
rivals of aether,2019,3435.0,5
rivals of aether,2020,20833.62,8
rivals of aether,2021,400.0,3
rivals of aether,2022,1046.23,2
rivals of aether,2023,1000.0,1
rocket arena,2020,100000.0,3
rocket league,2016,508705.76,388
rocket league,2017,1594600.81,415
rocket league,2018,2548272.86,332
rocket league,2019,3313427.4499999997,407
rocket league,2020,4418824.0,762
rocket league,2021,5753550.99,833
rocket league,2022,9719921.95,631
rocket league,2023,8733012.530000001,433
rocket league,2024,5815684.71,276
rocket league sideswipe,2021,27500.0,2
rocket league sideswipe,2022,36000.0,2
rogue company,2020,50000.0,2
roller champions,2022,4908.75,2
roller champions,2023,3630.2000000000003,17
roof rage,2020,50.0,1
rules of survival,2018,656000.0,4
rushdown revolt,2020,850.0,4
rushdown revolt,2021,3310.09,14
rust,2022,50000.0,1
s.k.i.l.l. - special force 2,2017,16000.0,2
sailor moon s,2018,1646.06,4
sailor moon s,2019,1315.13,6
sailor moon s,2020,320.0,2
samurai shodown (2019),2019,64499.909999999996,14
samurai shodown (2019),2020,13223.4,5
samurai shodown (2019),2021,260.0,1
samurai shodown (2019),2024,1385.0,2
samurai shodown iii,2020,30.0,1
samurai shodown iii,2021,40.0,1
samurai shodown v special,2018,108.71,1
samurai shodown v special,2019,251.4,2
samurai shodown v special,2020,230.45999999999998,2
schwarzerblitz,2020,100.0,1
schwarzerblitz,2021,100.0,1
sea of thieves,2019,100000.0,4
sekiro: shadows die twice,2019,19596.0,1
shadowverse,2017,120000.0,1
shadowverse,2018,1310000.0,1
shadowverse,2019,1761477.09,35
shadowverse,2020,23700.0,6
shadowverse,2021,2293296.2,1
shootmania storm,2019,210.6,1
shootmania storm,2020,193.05,2
shovel knight showdown,2019,60.0,1
shrek superslam,2020,50.0,1
shrek superslam,2021,30.0,1
skullgirls 2nd encore,2016,1700.0,1
skullgirls 2nd encore,2017,6010.0,4
skullgirls 2nd encore,2018,2801.0,3
skullgirls 2nd encore,2019,6110.0,3
skullgirls 2nd encore,2020,1984.5,3
skullgirls 2nd encore,2021,33307.520000000004,8
skullgirls 2nd encore,2022,8150.0,3
skullgirls 2nd encore,2023,4480.0,1
skullgirls 2nd encore,2024,20270.0,3
skullgirls encore,2016,5240.0,5
slap city,2020,300.0,1
slap city,2021,300.0,1
slapshot rebound,2021,288.27,2
slapshot rebound,2022,300.0,1
slapshot rebound,2023,50.0,2
slayers for hire,2020,500.0,1
slayers for hire,2021,100.0,1
smash remix,2020,299.06,1
smite,2016,1638242.04,21
smite,2017,1567900.0,8
smite,2018,1968500.0,11
smite,2019,800000.0,1
smite,2020,200000.0,2
smite,2021,809998.0,5
smite,2022,460000.0,4
smite,2023,485000.0,2
smite,2024,400000.0,1
snapshot vr,2021,500.0,1
snapshot vr,2022,500.0,1
snk heroines: tag team frenzy,2018,430.0,1
soul calibur ii,2019,780.0,3
soul calibur ii hd online,2017,860.0,2
soul calibur ii hd online,2018,85.41,1
soul calibur v,2016,140.0,1
soul calibur v,2017,750.0,3
soul calibur v,2018,77.64,1
soul calibur vi,2018,9891.0,6
soul calibur vi,2019,86074.20999999999,30
soul calibur vi,2020,27582.77,26
soul calibur vi,2021,51503.100000000006,4
soul calibur vi,2022,2576.19,6
space junkies,2019,30120.0,3
space junkies,2020,300.0,1
speedrunners,2020,50.0,1
speedrunners,2021,100.0,1
spellbreak,2020,50000.0,1
splatoon,2016,620.0,1
splatoon 2,2017,2300.0,2
splatoon 2,2018,5360.0,3
splatoon 2,2020,1270.0,1
splitgate: arena warfare,2019,50000.0,2
splitgate: arena warfare,2022,310000.0,2
sprint vector,2018,11750.0,1
star wars: squadrons,2020,800.0,1
starcraft ii,2016,3182718.35,650
starcraft ii,2017,3416343.85,654
starcraft ii,2018,3980177.66,462
starcraft ii,2019,3174769.59,387
starcraft ii,2020,2197004.27,489
starcraft ii,2021,1814731.6400000001,437
starcraft ii,2022,2188686.25,370
starcraft ii,2023,1958132.0799999998,312
starcraft ii,2024,2151637.9,157
starcraft: brood war,2016,75767.76,13
starcraft: brood war,2017,146621.7,39
starcraft: brood war,2018,6613.98,1
starcraft: evo complete (mod),2024,21687.899999999998,10
starcraft: remastered,2017,222441.24000000002,17
starcraft: remastered,2018,446952.8,37
starcraft: remastered,2019,447087.76999999996,79
starcraft: remastered,2020,287037.3,83
starcraft: remastered,2021,337468.54,73
starcraft: remastered,2022,546501.03,39
starcraft: remastered,2023,2202619.43,327
starcraft: remastered,2024,1370679.59,174
stardew valley,2019,54250.0,2
stardew valley,2021,43600.0,1
stick fight the game,2023,700.0,2
stormgate,2024,39778.85,32
street fighter 6,2023,1654972.5,79
street fighter 6,2024,3524924.15,41
street fighter alpha 2,2018,680.0,3
street fighter alpha 2,2019,800.0,4
street fighter alpha 2,2021,1114.69,1
street fighter alpha 2,2022,350.0,1
street fighter alpha 2,2024,380.0,1
street fighter alpha 3,2018,300.0,1
street fighter alpha 3,2019,40.0,1
street fighter ex2 plus,2018,160.0,1
street fighter ex2 plus,2019,190.0,1
street fighter iii: 3rd strike,2017,2958.36,2
street fighter iii: 3rd strike,2018,1950.0,4
street fighter iii: 3rd strike,2019,3455.42,6
street fighter iii: 3rd strike,2020,980.0,2
street fighter iii: 3rd strike,2021,717.22,3
street fighter iii: 3rd strike,2022,5049.6,6
street fighter iii: 3rd strike,2023,160.58,1
street fighter iii: 3rd strike,2024,46546.78,7
street fighter v,2016,885528.88,63
street fighter v,2017,1370358.06,58
street fighter v,2019,30000.0,2
street fighter v,2021,48500.0,8
street fighter v: arcade edition,2017,1900.0,1
street fighter v: arcade edition,2018,1407978.67,51
street fighter v: arcade edition,2019,830119.1599999999,49
street fighter v: arcade edition,2020,20286.120000000003,3
street fighter v: champion edition,2020,173410.22,48
street fighter v: champion edition,2021,495019.15,57
street fighter v: champion edition,2022,252010.9,44
street fighter v: champion edition,2023,327686.0,5
street fighter x tekken,2016,300.0,1
street fighter x tekken,2017,480.0,2
street fighter x tekken,2018,500.0,2
street fighter x tekken,2019,250.0,1
summoners war: sky arena,2017,52000.0,1
summoners war: sky arena,2018,40000.0,1
summoners war: sky arena,2019,140000.0,1
summoners war: sky arena,2020,140000.0,1
summoners war: sky arena,2021,140000.0,1
summoners war: sky arena,2022,140000.0,1
summoners war: sky arena,2023,140000.0,1
super mario party,2018,220.0,1
super people,2022,144526.0,11
super smash bros.,2016,18200.77,33
super smash bros.,2017,13925.2,20
super smash bros.,2018,10747.76,14
super smash bros.,2019,5292.2,5
super smash bros.,2020,1547.18,6
super smash bros.,2021,750.0,3
super smash bros.,2022,2871.0,2
super smash bros.,2023,7486.24,2
super smash bros. brawl,2016,4500.54,13
super smash bros. brawl,2017,3828.0299999999997,8
super smash bros. brawl,2018,3613.19,9
super smash bros. brawl,2019,2706.0,4
super smash bros. brawl,2020,770.0,3
super smash bros. brawl,2021,570.0,1
super smash bros. for wii u,2016,429999.07,283
super smash bros. for wii u,2017,515726.43,248
super smash bros. for wii u,2018,277984.69,190
super smash bros. for wii u,2019,5840.0,2
super smash bros. for wii u,2020,490.0,1
super smash bros. for wii u,2021,1190.0,1
super smash bros. for wii u,2024,2000.0,1
super smash bros. melee,2016,674499.14,750
super smash bros. melee,2017,635107.73,300
super smash bros. melee,2018,365235.83999999997,114
super smash bros. melee,2019,229730.22,122
super smash bros. melee,2020,177853.24,29
super smash bros. melee,2021,318736.70999999996,17
super smash bros. melee,2022,250374.49000000002,22
super smash bros. melee,2023,291814.86,55
super smash bros. melee,2024,93514.65,28
super smash bros. ultimate,2018,74587.45,63
super smash bros. ultimate,2019,1049770.97,969
super smash bros. ultimate,2020,310108.36,282
super smash bros. ultimate,2021,546343.67,250
super smash bros. ultimate,2022,391644.19,109
super smash bros. ultimate,2023,443892.61,67
super smash bros. ultimate,2024,114384.49,18
super street fighter ii turbo,2016,1459.72,4
super street fighter ii turbo,2017,2760.0,5
super street fighter ii turbo,2018,2947.5299999999997,7
super street fighter ii turbo,2019,3146.51,8
super street fighter ii turbo,2020,590.0,2
super street fighter ii turbo,2021,250.0,1
super street fighter ii turbo,2022,2193.84,5
super street fighter ii turbo,2024,1711.0,3
superplayer,2022,1000.0,1
synth riders,2020,1100.0,5
synth riders,2021,1000.0,2
tatsunoko vs. capcom: ultimate all-stars,2016,170.0,1
tatsunoko vs. capcom: ultimate all-stars,2017,160.0,1
tatsunoko vs. capcom: ultimate all-stars,2018,230.0,1
tatsunoko vs. capcom: ultimate all-stars,2019,470.0,2
tatsunoko vs. capcom: ultimate all-stars,2020,914.6600000000001,7
tatsunoko vs. capcom: ultimate all-stars,2021,526.29,1
team fortress 2,2016,78899.83,21
team fortress 2,2017,82893.73,20
team fortress 2,2018,93841.73000000001,21
team fortress 2,2019,39518.63,14
team fortress 2,2020,11403.92,7
team fortress 2,2022,45750.46,8
team fortress 2,2023,8745.06,2
teamfight tactics,2019,457684.65,12
teamfight tactics,2020,480791.5,10
teamfight tactics,2021,1348627.47,23
teamfight tactics,2022,1603042.25,25
teamfight tactics,2023,2184608.34,15
teamfight tactics,2024,2691106.04,24
teenage mutant ninja turtles: tournament fighters,2019,820.0,2
tekken 5: dark resurrection,2019,210.0,1
tekken 7,2016,78599.54,16
tekken 7,2017,319687.25,37
tekken 7,2018,351455.91,58
tekken 7,2019,771813.9099999999,100
tekken 7,2020,188774.78,54
tekken 7,2021,261885.66,46
tekken 7,2022,349641.41000000003,75
tekken 7,2023,1391457.87,35
tekken 7,2024,101290.0,2
tekken 8,2024,1506651.8599999999,40
tekken tag tournament 2,2016,2520.0,4
tekken tag tournament 2,2017,520.0,2
tekken tag tournament 2,2022,325.6,1
temtem,2021,500.0,1
temtem,2023,60000.0,8
teppen,2019,456721.47,1
teppen,2020,48000.0,1
teppen,2021,64956.93,8
teppen,2022,56548.2,14
tetr.io,2020,4502.61,12
tetr.io,2021,2295.27,2
tetr.io,2022,3100.23,1
tetr.io,2023,8800.19,3
tetris,2016,1500.0,1
tetris,2017,1500.0,1
tetris,2018,1575.0,2
tetris,2019,10075.0,2
tetris,2020,10926.38,4
tetris,2021,17783.809999999998,24
tetris,2022,76892.8,27
tetris,2023,71750.97,27
tetris,2024,107290.78,28
tetris effect: connected,2021,1934.91,3
tetris effect: connected,2022,5773.67,6
tetris effect: connected,2023,3821.3,2
tetris ultimate,2017,221.0,1
the binding of isaac,2021,15000.0,1
the division 2,2019,27250.0,2
the elder scrolls: legends,2017,5000.0,1
the last blade 2,2020,20.0,1
the last blade 2,2021,40.0,1
the unspoken,2017,15676.56,2
the unspoken,2018,23147.52,2
them's fightin' herds,2019,190.0,1
them's fightin' herds,2020,390.0,3
them's fightin' herds,2021,3998.19,25
them's fightin' herds,2022,2640.0,1
tibia,2024,952.94,1
toribash,2021,100.0,1
tough love arena,2021,100.0,1
touhou hisoutensoku ~ choudokyuu ginyoru no nazo o oe,2020,1819.6100000000001,4
touhou hisoutensoku ~ choudokyuu ginyoru no nazo o oe,2021,2681.91,2
tower tag,2020,5170.41,5
trackmania (2020),2020,59918.61,59
trackmania (2020),2021,114326.57,170
trackmania (2020),2022,180697.66,205
trackmania (2020),2023,371446.25,226
trackmania (2020),2024,143998.22,136
trackmania 2: canyon,2017,318.36,1
trackmania 2: canyon,2018,369.6,1
trackmania 2: canyon,2019,337.68,1
trackmania 2: canyon,2022,327.38,1
trackmania 2: canyon,2023,1088.79,1
trackmania 2: canyon,2024,578.44,1
trackmania 2: stadium,2016,12386.52,15
trackmania 2: stadium,2017,12566.74,20
trackmania 2: stadium,2018,26329.280000000002,39
trackmania 2: stadium,2019,55760.3,85
trackmania 2: stadium,2020,40181.69,87
trackmania nations forever,2017,0.0,1
trackmania nations forever,2018,235.2,1
trackmania nations forever,2020,56.3,1
trackmania nations forever,2022,3944.82,3
trackmania nations forever,2024,857.59,1
trackmania turbo,2016,566.91,1
trackmania turbo,2020,112.5,1
trackmania united forever,2023,4603.549999999999,2
twinkle star sprites,2020,100.0,1
twinkle star sprites,2021,50.0,1
ultimate marvel vs. capcom 3,2016,18501.06,25
ultimate marvel vs. capcom 3,2017,13590.54,15
ultimate marvel vs. capcom 3,2018,1160.0,2
ultimate marvel vs. capcom 3,2019,1778.47,7
ultimate marvel vs. capcom 3,2020,20297.93,6
ultimate marvel vs. capcom 3,2021,7876.360000000001,5
ultimate marvel vs. capcom 3,2022,5852.139999999999,6
ultimate marvel vs. capcom 3,2023,27000.0,2
ultimate marvel vs. capcom 3,2024,6410.139999999999,7
ultra fight da! kyanta 2,2019,320.0,1
ultra street fighter iv,2016,8546.61,15
ultra street fighter iv,2017,820.0,3
ultra street fighter iv,2018,680.81,3
ultra street fighter iv,2019,1705.6100000000001,5
ultra street fighter iv,2020,40.0,2
ultra street fighter iv,2021,250.0,1
ultra street fighter iv,2022,1141.1599999999999,2
umineko: golden fantasia,2019,90.0,1
umineko: golden fantasia,2020,50.0,1
umineko: golden fantasia,2021,50.0,1
uncharted 4: a thief's end,2016,46235.07,1
under night in-birth exe: late,2016,3050.0,7
under night in-birth exe: late,2017,960.0,2
under night in-birth exe: late[cl-r],2020,1108.0,3
under night in-birth exe: late[cl-r],2021,3513.13,3
under night in-birth exe: late[cl-r],2022,5740.88,4
under night in-birth exe: late[st],2017,4290.0,8
under night in-birth exe: late[st],2018,11646.27,10
under night in-birth exe: late[st],2019,32610.170000000002,18
under night in-birth exe: late[st],2020,6036.889999999999,4
under night in-birth ii [sys:celes],2024,76510.86,15
uno,2020,20000.0,2
uno,2021,10000.0,1
unreal tournament (2016),2016,1071.42,3
unreal tournament (2016),2020,3698.92,3
vail vr,2022,36000.0,2
vainglory,2016,424628.65,21
vainglory,2017,319400.0,11
valorant,2020,2503127.6,371
valorant,2021,7108864.35,397
valorant,2022,7125547.140000001,228
valorant,2023,8915455.69,231
valorant,2024,6365220.59,89
vampire savior,2016,918.74,3
vampire savior,2017,2030.0,4
vampire savior,2018,2170.0,4
vampire savior,2019,2680.0,5
vampire savior,2020,1667.21,4
vampire savior,2022,8386.43,3
vampire savior,2024,1220.0,2
virtua fighter 5,2019,80.0,1
virtua fighter 5 final showdown,2016,268.54,2
virtua fighter 5 final showdown,2019,160.0,1
virtua fighter 5: ultimate showdown,2019,1000.0,1
virtua fighter 5: ultimate showdown,2021,1870.0,2
virtua fighter 5: ultimate showdown,2023,15200.0,1
void racer,2021,460.0,1
walkabout mini golf,2021,2000.0,2
warcraft iii,2016,420383.19,111
warcraft iii,2017,242279.2,195
warcraft iii,2018,176129.87,117
warcraft iii,2019,392598.65,41
warcraft iii,2020,75295.8,9
warcraft iii: reforged,2020,593670.12,129
warcraft iii: reforged,2021,655426.2,147
warcraft iii: reforged,2022,340274.33,150
warcraft iii: reforged,2023,310011.98,125
warcraft iii: reforged,2024,240575.47,37
warface,2018,109555.0,2
warparty,2019,1000.0,1
warparty,2020,175.0,1
warsow,2018,183.0,1
windjammers,2017,780.0,3
windjammers,2018,665.41,3
windjammers,2019,2466.75,4
windjammers,2020,1040.0,3
windjammers,2021,699.31,3
windjammers 2,2022,1056.07,56
wolfenstein: enemy territory,2017,4493.3,2
wolfenstein: enemy territory,2019,3305.09,2
world of tanks,2016,831000.0,5
world of tanks,2017,1216000.0,7
world of tanks,2018,40000.0,1
world of tanks,2019,67665.0,2
world of tanks,2020,31765.15,3
world of tanks,2021,38376.03,6
world of tanks,2022,44748.52,8
world of tanks,2023,232309.43000000002,7
world of tanks,2024,751879.08,6
world of tanks blitz,2017,30000.0,1
world of tanks blitz,2018,33330.0,5
world of warcraft,2016,453000.0,4
world of warcraft,2017,749000.0,20
world of warcraft,2018,740000.0,27
world of warcraft,2019,806000.0,28
world of warcraft,2020,580200.0,12
world of warcraft,2021,930000.0,18
world of warcraft,2022,874000.0,16
world of warcraft,2023,1100000.0,25
wrc 10 fia world rally championship,2022,25250.0,1
wwe 2k20,2019,50000.0,2
xonotic,2016,1283.15,3
xonotic,2017,249.81,3
xonotic,2018,277.75,3
xonotic,2019,22.82,2
xonotic,2020,3340.39,13
xonotic,2021,8945.36,18
xonotic,2022,500.0,1
yu-gi-oh! duel links,2017,13354.44,85
yu-gi-oh! duel links,2018,35372.28,133
yu-gi-oh! duel links,2019,20.0,1
zerospace,2024,20000.0,2
zombieland vr: headshot fever,2021,10000.0,1
zula,2018,160000.0,2
zula,2020,2500.0,1
zwift,2020,33827.08,2
zwift,2022,31543.68,5
